{"cameraMode":{"drawMode":0,"name":"Shaded","section":"Shading Mode"},"sceneLighting":true,"audioPlay":false,"sceneViewState":{"showFog":true,"showMaterialUpdate":true,"showSkybox":false,"showFlares":true,"showImageEffects":true,"showParticleSystems":true},"in2DMode":false,"pivot":{"x":14.198799133300782,"y":-8.340971946716309,"z":-3.1636767387390138},"rotation":{"x":0.14461249113082887,"y":0.6140820384025574,"z":-0.11575472354888916,"w":0.7672039270401001},"size":30.836688995361329,"orthographic":false}